{"Position":{"x":-17.999996185302736,"y":12.999992370605469,"z":0.0},"Gold":55,"Experience":40,"Difficulty":1,"Name":"Lmao","ItemAmounts":[17,1,1,1,2,0,7,0]}